webpage_title,author_or_creator,url,page_excerpt,collected_at_utc,search_engine,search_period,search_query,custom_date_start,custom_date_end
Attorney General of Maryland - Official Website,,https://oag.maryland.gov/,"Our Work The Office of the Attorney General advises and represents State government, vigorously enforces the law to safeguard the rights of the people, and promotes justice and equity for all Marylanders. Strengthening Public Safety and Law Enforcement Ensuring that all Marylanders live in safe and healthy communities is a top priority for the Attorney General and the OAG. Protecting Consumers ...",2026-04-17T19:30:07Z,duckduckgo,week,maryland medicaid,,
Best Maryland Medical Assistance (Medicaid) Doctors Near Me in ... - Zocdoc,,https://www.zocdoc.com/primary-care-doctors/waldorf-md-207262pm/maryland-medical-assistance-medicaid-642m,"Find Maryland Medical Assistance (Medicaid) Doctors in Waldorf, Maryland & make an appointment online instantly! Zocdoc helps you find Doctors in Waldorf and other locations with verified patient reviews and appointment availability that accept Maryland Medical Assistance (Medicaid) and other insurances.",2026-04-17T19:30:07Z,duckduckgo,week,maryland medicaid,,
Centers for Medicare & Medicaid Services - BusinessYab,,https://businessyab.com/explore/united_states/maryland/baltimore_county/baltimore/security_boulevard/7500/centers-for-medicare-medicaid-services-410-786-3000.html,"Centers for Medicare & Medicaid Services at 7500 Security Blvd, Baltimore, MD 21244, USA - hours, address, map, directions, phone number, customer ratings and reviews.",2026-04-17T19:30:07Z,duckduckgo,week,maryland medicaid,,
Free Medical Equipment in Maryland 2026: DME Loan Closets,,https://grantsforseniors.org/medical-equipment-maryland/,"Find free medical equipment in Maryland, from state DME reuse to local loan closets, with pickup rules and rural backup options.",2026-04-17T19:30:07Z,duckduckgo,week,maryland medicaid,,
Maryland Judiciary Judgment and Liens Search - mdcourts.gov,,https://jportal.mdcourts.gov/judgment/judgementSearch.jsf,Maryland Judiciary Judgment and Liens Search Select the appropriate radio button to search cases by Person or Company. (Default is person),2026-04-17T19:30:07Z,duckduckgo,week,maryland medicaid,,
Department of Health & Human Services | HHS.gov,,https://www.hhs.gov/,U.S. Department of Health and Human Services protects the health and well-being of all people living in the United States and provides essential human services.,2026-04-17T19:30:07Z,duckduckgo,week,maryland medicaid,,
"LifeStyles of Maryland | Help, Hope & Transformation in Southern Maryland",,https://lifestylesofmd.org/,"Homelessness is real. Hunger is real. But love is real, too. Join us as we offer a hand up to those in need, building a better Southern Maryland for all of us.",2026-04-17T19:30:07Z,duckduckgo,week,maryland medicaid,,
Find a Doctor | CareSource,,https://findadoctor.caresource.com/,Find doctors and healthcare providers in your area with CareSource's online search tool.,2026-04-17T19:30:07Z,duckduckgo,week,maryland medicaid,,
Home - Maryland Matters,,https://marylandmatters.org/,"Maryland Matters is part of States Newsroom, the nation's largest state-focused nonprofit news organization. Our stories may be republished online or in print under Creative Commons license CC BY-NC-ND 4.0. We ask that you edit only for style or to shorten, provide proper attribution and link to our website. (See full republishing guidelines.)",2026-04-17T19:30:07Z,duckduckgo,week,maryland medicaid,,
FeeLookup - Novitas Solutions,,https://www.novitas-solutions.com/webcenter/portal/MedicareJL/FeeLookup,Procedure Code No Modifier Date Of Service 4/16/2026 State,2026-04-17T19:30:07Z,duckduckgo,week,maryland medicaid,,
"Oregon Voters Back Commonsense Reforms on Taxes, Education, and Medicaid",,https://excellenceinpolling.com/poll/oregon-voters-back-commonsense-reforms-on-taxes-education-and-medicaid/,"New polling shows broad, bipartisan support among Oregon voters for tax relief on tips, scholarship tax credits, and Medicaid program integrity reforms.",2026-04-17T19:30:07Z,duckduckgo,week,maryland medicaid,,
"Maryland session takeaways: Relief now, tough choices later",,https://www.baltimoresun.com/2026/04/15/maryland-legislative-session-takeaways/,Maryland lawmakers ask themselves at the start of each legislative session: What can we bring our constituents to justify those 90 days in Annapolis?,2026-04-17T19:30:07Z,duckduckgo,week,maryland medicaid,,
"The Health of Women, Moms, and People of Color Is Deteriorating — All ...",,https://www.protectourcare.org/the-health-of-women-moms-and-people-of-color-is-deteriorating-all-thanks-to-trump-and-republicans-gutting-medicaid/,"As we enter the second full week of Medicaid Awareness Month, Protect Our Care is releasing new fact sheets that show how Trump and congressional Republicans' war on health care is jeopardizing the lives of Americans of every stripe, especially women, moms, and people of color. Republicans gutted $1 trillion from Medicaid and the Affordable Care Act to bankroll tax breaks for billionaires ...",2026-04-17T19:30:07Z,duckduckgo,week,maryland medicaid,,
Rocket Doctor Strengthens Maryland Footprint with ~2 Million Additional ...,,https://finance.yahoo.com/sectors/healthcare/articles/rocket-doctor-strengthens-maryland-footprint-120000455.html,"Approximately 2 million additional members in Maryland can now access care under the State entity of a major National insurer, extending Rocket Doctor's total in-network reach to approximately ...",2026-04-17T19:30:07Z,duckduckgo,week,maryland medicaid,,
When the Only Hospital Closes - URL Media,,https://url-media.com/when-the-only-hospital-closes/,"A January 2026 analysis from the Center for Healthcare Quality and Payment Reform found 734 rural hospitals across the country at risk of closure, or roughly one in three rural facilities nationwide. Of those, 323 face immediate risk, meaning their financial reserves could only offset losses for two to three years at most. The reasons are structural and compounding: declining patient volumes ...",2026-04-17T19:30:07Z,duckduckgo,week,maryland medicaid,,
Delaware Medical Assistance Portal for Providers > Home,,https://medicaid.dhss.delaware.gov/provider/Home/tabid/135/Default.aspx,Home Delaware Medical Assistance Portal for Providers,2026-04-17T19:30:07Z,duckduckgo,week,maryland medicaid,,
School Based Services Operations Manager,,https://www.jobapscloud.com/MD/sup/bulpreview.asp?R1=26&R2=002578&R3=0004,This full-time contractual position serves as School Based Services Operations Manager working within the Office Medical Benefits Management (OMBM) in the Office of the Deputy Secretary for Health Care Financing and Medicaid Director. The Medicaid School Based Services program is primarily tasked with managing and implementing new policy initiatives and coverage for the expansion of School ...,2026-04-17T19:30:07Z,duckduckgo,week,maryland medicaid,,
MassHealth Provider Online Service Center,,https://newmmis-portal.ehs.state.ma.us/EHSProviderPortal/providerLanding/providerLanding.jsf,"System Alert: You are using an unsupported browser. Please use one of MassHealth's supported browsers: Chrome v.48 and above (preferred), Firefox v.43, MSIE v.11 ...",2026-04-17T19:30:07Z,duckduckgo,week,maryland medicaid,,
HCP Provider Portal > Home,,https://portal.indianamedicaid.com/hcp/provider/,"HCP Provider Portal What can you do in the Provider Healthcare Portal? Through the Indiana Health Coverage Programs (IHCP) secure and easy-to-use internet portal, healthcare providers can: Submit claims Check on the status of their claims Inquire on a patient's eligibility View their Remittance Advices Managed Care Entities can: Enroll, disenroll, and update primary medical providers Review ...",2026-04-17T19:30:07Z,duckduckgo,week,maryland medicaid,,
CountyRide | Baltimore County Government,,https://www.baltimorecountymd.gov/departments/public-works/traffic/transportation/countyride,The following County residents are eligible for the CountyRide program. Persons with disabilities ages 18 to 59 —Pending review of required documentation as requested on the registration form Rural residents of all ages —Those who reside within the rural boundaries (determined by Baltimore County) of Baltimore County All children under 12 must be accompanied by an adult. Parents or ...,2026-04-17T19:30:07Z,duckduckgo,week,maryland medicaid,,
Home | Margolis Institute for Health Policy,,https://healthpolicy.duke.edu/,"Increasing Access to Nonprescription Drugs Zero-Claim Enrollment in the Affordable Care Act Individual Market: Health, Medicaid Transitions, or Improper Enrollment? AI Safety in Health Systems: Building Infrastructure and Strengthening Risk Management Practices 2026 Health Policy Conference: Driving Health Policy Transformation in the Next Decade West Health Accelerator at Duke-Margolis",2026-04-17T19:30:07Z,duckduckgo,week,maryland medicaid,,
The Maryland legislator who first codified abortion rights in state law,,https://www.thebanner.com/obituaries/paula-hollinger-maryland-general-assembly-obituary-CE4MDZQCMNE3NJA2QA7DXRFJVA/,"Paula Hollinger saw problems while working in hospitals and schools, then brought the solutions to the Maryland General Assembly. As an emergency room nurse in New York City before Roe v. Wade, Hollinger saw how abortion bans disproportionately impacted poor women. So when she joined the Maryland legislature, she led the fight to enshrine abortion rights in state law. She had seen elderly ...",2026-04-17T19:30:07Z,duckduckgo,week,maryland medicaid,,
State of Michigan,,https://www.michigan.gov/som,"Explore the official website of the State of Michigan. We'll help you find the government services, information, and resources you need.",2026-04-17T19:30:07Z,duckduckgo,week,maryland medicaid,,
"Ohio Nursing Homes Put Frail Patients In Homeless Shelters, CMS Data ...",,https://kffhealthnews.org/morning-breakout/ohio-nursing-homes-put-frail-patients-in-homeless-shelters-cms-data-reveal/,"Inspectors for the Centers for Medicare & Medicaid Services have faulted seven Ohio facilities for discharging people to homeless shelters, which aren't capable of caring for seniors with medical needs. Often, the issues trace back to insurers that cut off residents' benefits, Signal Ohio reported.",2026-04-17T19:30:07Z,duckduckgo,week,maryland medicaid,,
Search Public Health Job Opportunities Across The Nation,,https://www.publichealthcareers.org/job/school-based-services-operations-manager-project-program-manageme-us-md-baltimore-city-26-002578-0004-1547/,"SCHOOL BASED SERVICES OPERATIONS MANAGER job GRADE 20 LOCATION OF POSITION MDH - Office of Medical Benefits Management 201 W. Preston Street Baltimore, MD 21201 Main Purpose of Job This full-time contractual position serves as School Based Services Operations Manager working within the Office Medical Benefits Management (OMBM) in the Office of the Deputy Secretary for Health Care Financing and ...",2026-04-17T19:30:07Z,duckduckgo,week,maryland medicaid,,
The Advocate 04-12-2026 by The Advocate - Issuu,,https://issuu.com/capitalcitypress/docs/260412adv,"After forcing the van open, ofﬁcers found the child ""lying in a fetal position, naked, covered by a blanket on top of a mound of trash and near excrement,"" Heitz said. The boy was clearly ...",2026-04-17T19:30:07Z,duckduckgo,week,maryland medicaid,,
FeeLookup - Novitas Solutions,,https://www.novitas-solutions.com/webcenter/portal/MedicareJH/FeeLookup,"Providers in AR, CO, LA, MS, NM, OK, TX, Indian Health & Veteran Affairs JH Home Print Contribute",2026-04-17T19:30:07Z,duckduckgo,week,maryland medicaid,,
Health Affairs: Leading Publication Of Health Policy Research & Insight,,https://www.healthaffairs.org/,"Get expert health policy analysis and research sent directly to your inbox. Our free and premium newsletters provide updates about new research articles, podcasts, monthly events, and professional ...",2026-04-17T19:30:07Z,duckduckgo,week,maryland medicaid,,
PRIME® Continuing Medical Education,,https://primeinc.org/,PRIME Education is an accredited provider of continuing medical education,2026-04-17T19:30:07Z,duckduckgo,week,maryland medicaid,,
Directory Search - or-medicaid.gov,,https://www.or-medicaid.gov/ProdPortal/Directory+Search/tabId/50/Default.aspx,Results do not guarantee coverage. Contact the provider to verify that they accept the Medical ID and the service is covered.,2026-04-17T19:30:07Z,duckduckgo,week,maryland medicaid,,
"Best Medicaid Dentists Near Me in Silver Spring, MD | Zocdoc",,https://www.zocdoc.com/dentists/silver-spring-md-84752pm/medicaid-357d,"Find Medicaid Dentists in Silver Spring, Maryland & make an appointment online instantly! Zocdoc helps you find Dentists in Silver Spring and other locations with verified patient reviews and appointment availability that accept Medicaid and other insurances. All appointment times are guaranteed by our Silver Spring Dentists. It's free!",2026-04-17T19:30:07Z,duckduckgo,week,maryland medicaid,,
"NYRx, the Medicaid Pharmacy Program | Preferred Drug Program",,https://newyork.fhsc.com/providers/PDP_about.asp,"About The Preferred Drug Program (PDP) promotes the use of less expensive, equally effective prescription drugs when medically appropriate. The Department of Health has contracted with Prime Therapeutics State Government Solutions to assist with management of the PDP. All drugs currently covered by Medicaid remain available under the PDP and the determination of preferred and non-preferred ...",2026-04-17T19:30:07Z,duckduckgo,week,maryland medicaid,,
Reuters | Breaking International News & Views,,https://www.reuters.com/,"Find latest news from every corner of the globe at Reuters.com, your online source for breaking international news coverage.",2026-04-17T19:30:07Z,duckduckgo,week,maryland medicaid,,
HCP Provider Portal > Home,,https://portal.indianamedicaid.com/hcp/Default.aspx?alias=portal.indianamedicaid.com/hcp/provider,"HCP Provider Portal What can you do in the Provider Healthcare Portal? Through the Indiana Health Coverage Programs (IHCP) secure and easy-to-use internet portal, healthcare providers can: Submit claims Check on the status of their claims Inquire on a patient's eligibility View their Remittance Advices Managed Care Entities can: Enroll, disenroll, and update primary medical providers Review ...",2026-04-17T19:30:07Z,duckduckgo,week,maryland medicaid,,
Members - House - Maryland,,https://mgaleg.maryland.gov/mgawebsite/Members/Index/house,"Speaker of the House Peña-Melnyk, Joseline A. District 21 Prince George's and Anne Arundel Counties Democrat",2026-04-17T19:30:07Z,duckduckgo,week,maryland medicaid,,
Rocket Doctor AI Expands Reach to 21 Million with Maryland Network Deal,,https://sentiment-trading.com/articles/rocket-doctor-ai-expands-reach-to-21-million-with-maryland-network-deal/,"Rocket Doctor AI expands to 21 million users with a new in‑network deal, adding 2 million members and boosting access to board‑certified digital care for Medicaid, Medicare and commercial plans.",2026-04-17T19:30:07Z,duckduckgo,week,maryland medicaid,,
New Federal Medicaid Rules Require 1 Month of Work. Some States Demand ...,,https://www.medpagetoday.com/publichealthpolicy/medicaid/120818,New Federal Medicaid Rules Require 1 Month of Work. Some States Demand More. — States like Indiana are pushing for stricter work requirements than the new federal minimum,2026-04-17T19:30:07Z,duckduckgo,week,maryland medicaid,,
Enrollment - or-medicaid.gov,,https://www.or-medicaid.gov/ProdPortal/Providers/Enrollment/tabId/84/Default.aspx,"All enrollments will need to submit the Provider Enrollment Agreement form. In addition, organization enrollments with a type 2 NPI will also need to submit an Ownership form. If you are interested in applying to be a Medicaid provider for Aging and People with Disabilities (APD) programs, please email the APD Provider Relations Unit for ...",2026-04-17T19:30:07Z,duckduckgo,week,maryland medicaid,,
Best Medicaid Dermatologists Near Me | Zocdoc,,https://www.zocdoc.com/dermatologists/medicaid-358m,Find Medicaid Dermatologists & Providers with verified reviews. Make an appointment online instantly with Dermatologists that accept Medicaid insurance. It's free! All appointment times are guaranteed by our Medicaid Dermatologists & Providers.,2026-04-17T19:30:07Z,duckduckgo,week,maryland medicaid,,
Interactive Map: US Abortion Policies and Access After Roe,,https://states.guttmacher.org/policies/maryland/abortion-policies,"The abortion landscape is fragmented and increasingly polarized. Many states have abortion restrictions or bans in place that make it difficult, if not impossible, for people to get care. Other states have taken steps to protect abortion rights and access. To help people understand this complex landscape, our interactive map groups states into one of seven categories based on abortion policies ...",2026-04-17T19:30:07Z,duckduckgo,week,maryland medicaid,,
Who We Are - Commissioner,,https://www.vdh.virginia.gov/commissioner/,"B. Cameron Webb, MD, JD State Health Commissioner B. Cameron Webb, MD, JD, was appointed State Health Commissioner for the Virginia Department of Health (VDH) by Governor Abigail Spanberger. Dr. Webb is a board-certified internal medicine physician, attorney, and public health expert who works at the intersection of health and social justice. As a native of Spotsylvania and a champion for ...",2026-04-17T19:30:07Z,duckduckgo,week,maryland medicaid,,
DIMENSIONS HEALTH CORPORATION; NPI #1720099286 - NPIdb.org,,https://npidb.org/organizations/hospitals/general-acute-care-hospital_282n00000x/1720099286.aspx,"DIMENSIONS HEALTH CORPORATION General Acute Care Hospital An acute general hospital is an institution whose primary function is to provide inpatient diagnostic and therapeutic services for a variety of medical conditions, both surgical and non-surgical, to a wide population group. The hospital treats patients in an acute phase of illness or injury, characterized by a single episode or a fairly ...",2026-04-17T19:30:07Z,duckduckgo,week,maryland medicaid,,
Maryland (MD) Lottery - Winning Numbers & Results,,https://www.lotteryusa.com/maryland/,"Complete and up-to-date Maryland (MD) lottery results, offering winning numbers and jackpots for all Maryland lotteries, including Powerball and Mega Millions.",2026-04-17T19:30:07Z,duckduckgo,week,maryland medicaid,,
"GREATER BALTIMORE MEDICAL CENTER, INC.; NPI #1255372397 - NPIdb.org",,https://npidb.org/organizations/hospitals/general-acute-care-hospital_282n00000x/1255372397.aspx,"GREATER BALTIMORE MEDICAL CENTER, INC. General Acute Care Hospital An acute general hospital is an institution whose primary function is to provide inpatient diagnostic and therapeutic services for a variety of medical conditions, both surgical and non-surgical, to a wide population group. The hospital treats patients in an acute phase of illness or injury, characterized by a single episode or ...",2026-04-17T19:30:07Z,duckduckgo,week,maryland medicaid,,
"HOWARD COUNTY GENERAL HOSPITAL, INC,; NPI #1144291899 - NPIdb.org",,https://npidb.org/organizations/hospitals/general-acute-care-hospital_282n00000x/1144291899.aspx/,"HOWARD COUNTY GENERAL HOSPITAL, INC, General Acute Care Hospital An acute general hospital is an institution whose primary function is to provide inpatient diagnostic and therapeutic services for a variety of medical conditions, both surgical and non-surgical, to a wide population group. The hospital treats patients in an acute phase of illness or injury, characterized by a single episode or a ...",2026-04-17T19:30:07Z,duckduckgo,week,maryland medicaid,,
Patient First Maryland Medical Group Pllc | CMS Data,,https://data.cms.gov/tools/medicare-revalidation-list/provider/O20140108000578,This tool is a searchable database that allows you to look up the revalidation due date for Medicare providers who must revalidate their enrollment record information every three or five years.,2026-04-17T19:30:07Z,duckduckgo,week,maryland medicaid,,
Home [or-medicaid.gov],,https://or-medicaid.gov/,"Welcome to the Medicaid Portal web site! Providers - Login to set up your Web portal accounts and verify eligibility for OHP clients More information about CCO 2.0, including questions and answers Providers - What you need to know about the Web portal OHP provider announcements Behavioral Health Providers - View the Addictions and Mental Health home page APD Providers - View the Aging and ...",2026-04-17T19:30:07Z,duckduckgo,week,maryland medicaid,,
"MyEyeDr. | Eye Doctor near Bel Air, MD Tollgate Marketplace",,https://locations.myeyedr.com/md/bel-air/623-belair-road,"Your eye doctor near Bel Air, MD Tollgate Marketplace, MyEyeDr. offers complete eye exams with glasses and contacts. Book an appointment now with a MyEyeDr. optometrist.",2026-04-17T19:30:07Z,duckduckgo,week,maryland medicaid,,
GARRETT COUNTY MEMORIAL HOSPITAL; NPI #1356341499 - NPIdb.org,,https://npidb.org/organizations/hospitals/general-acute-care-hospital_282n00000x/1356341499.aspx,"GARRETT COUNTY MEMORIAL HOSPITAL General Acute Care Hospital An acute general hospital is an institution whose primary function is to provide inpatient diagnostic and therapeutic services for a variety of medical conditions, both surgical and non-surgical, to a wide population group. The hospital treats patients in an acute phase of illness or injury, characterized by a single episode or a ...",2026-04-17T19:30:07Z,duckduckgo,week,maryland medicaid,,
"Rick Scott | Biography, Hospital Chain, Medicare Fraud, Governor ...",,https://www.britannica.com/biography/Rick-Scott,Rick Scott is an American Republican politician who was elected to represent the state of Florida in the U.S. Senate in 2018. He had previously served as governor of the state (2011-19).,2026-04-17T19:30:07Z,duckduckgo,week,maryland medicaid,,
